"Address","Occurrences","Meta Description 1","Meta Description 1 Length","Meta Description 1 Pixel Width","Indexability","Indexability Status"
"https://e-hermer.pl/","1","Profesjonalne Strony Internetowe to Nasza Specjalność. Stworzymy dla Ciebie Wyjątkową i Skuteczną Stronę WWW. 11 lat doświadczenia, ponad 700 realizacji, 14 specjalistów. Hermer - Sprawdź nas!","192","1230","Indexable",""
"https://e-hermer.pl/obszar-dzialania/","1","Wykorzystaj nieograniczony zasięg internetu, z którego codziennie korzystają niezliczone ilości osób i pokaż swoje usługi za pomocą efektywnej strony","149","928","Indexable",""
"https://e-hermer.pl/szanse-jakie-daje-google-de/","1","Niemiecki rynek internetowy jest bardzo atrakcyjny dla polskich przedsiębiorców. Wielu z nich rozważa możliwość podjęcia wyzwania, jakim jest promocja biznesu","158","997","Indexable",""
"https://e-hermer.pl/oferta/marketing/","1","Proponujemy współpracę opartą na modelu rozliczenia za efekty. Rozumiemy, że wiele firm spotyka się z problemem regularnych dużych opłat za pozycjonowanie,","155","1004","Indexable",""
"https://e-hermer.pl/pisanie-profesjonalnych-tekstow-seo/","1","Pisanie profesjonalnych tekstów SEO to sztuka łączenia wartościowej treści z technikami optymalizacji, które zwiększają widoczność w wyszukiwarkach. W dobie","156","998","Indexable",""
"https://e-hermer.pl/oferta/zewnetrzny-dzial-marketingu/","1","Zewnętrzny dział marketingu dla Twojej firmy – Hermer. Kompleksowe strategie, kampanie i wsparcie w rozwoju marki. Postaw na skuteczny marketing!","145","940","Indexable",""
"https://e-hermer.pl/blog/","1","Na naszym blogu znajdziesz nowości branżowe, nowe oferty oraz informacje o Promocjach. Hermer","93","618","Indexable",""
"https://e-hermer.pl/pozycjonowanie-za-efekt/","1","Pozycjonowanie w rozliczeniu za efekt to model współpracy, w którym płatność za usługi SEO jest uzależniona od osiągnięcia konkretnych wyników. W naszej","152","975","Indexable",""
"https://e-hermer.pl/remarketing-co-to-jest-i-jak-dziala-w-praktyce-przewodnik-dla-wlascicieli-stron-www/","1","Dowiedz się, jak działa remarketing i dlaczego to jedno z najpotężniejszych narzędzi marketingu internetowego.","110","685","Indexable",""
"https://e-hermer.pl/white-space-w-projektowaniu-www-co-to-jest-i-dlaczego-warto-stosowac/","1","Zrozumienie roli białej przestrzeni w projektowaniu stron internetowych jest bardzo ważne. Mowa o white space, czyli obszarze pomiędzy elementami projektu,","155","978","Indexable",""
"https://e-hermer.pl/oferta/sklepy-internetowe/","1","Tworzenie sklepów internetowych to nasza Specjalność. Dzięki 11-letniemu doświadczeniu wiemy jak stworzyć Profesjonalny Sklep Internetowy i ściągnąć na niego Klientów. Sprawdź","175","1126","Indexable",""
"https://e-hermer.pl/e-commerce-w-praktyce-dlaczego-warto-postawic-na-handel-elektroniczny/","1","Choć w sieci codziennie pojawiają się nowe strony www, wielu przedsiębiorców nadal zadaje sobie pytanie, czy inwestowanie w handel elektroniczny jest","149","939","Indexable",""
"https://e-hermer.pl/digital-marketing-a-strona-www-jak-skutecznie-promowac-witryne-w-sieci/","1","Czy Twoje cele biznesowe to: wyróżnienie się na rynku, trafienie z ofertą do jak największej liczby klientów, podniesienie zysków ze sprzedaży produktów/usług","158","976","Indexable",""
"https://e-hermer.pl/sztuczna-inteligencja-rewolucja-ktora-dzieje-sie-tu-i-teraz/","1","Jeszcze kilka lat temu sztuczna inteligencja (AI) kojarzyła się głównie z filmami science fiction, humanoidalnymi robotami i futurystycznymi wizjami","148","906","Indexable",""
"https://e-hermer.pl/o-firmie/","1","Poznajmy się lepiej. Hermer to 11 lat doświadczenia, ponad 750 realizacji, 14 specjalistów, doradztwo i pełen profesjonalizm. Sprawdź!","134","829","Indexable",""
"https://e-hermer.pl/strony-internetowe-cms-najpopularniejsze-systemy-zarzadzania-trescia/","1","W erze cyfrowej, tworzenie i utrzymanie dynamicznych stron internetowych staje się niezwykle istotne dla przedsiębiorstw, blogerów, artystów i innych","149","926","Indexable",""
"https://e-hermer.pl/prowadzisz-e-sklep-sprawdz-dlaczego-potrzebujesz-regulaminu/","1","W dobie dynamicznego rozwoju handlu elektronicznego prowadzenie e-sklepu stało się powszechne. Jednakże wielu przedsiębiorców nie zdaje sobie sprawy z","150","975","Indexable",""
"https://e-hermer.pl/oferta/wordpress-shield/","1","Stałe nadzorowanie i aktualizowanie systemu CMS to fundament zabezpieczający Twoją stronę www.Zabezpiecz dane swojej firmy oraz użytkowników dzięki usłudze","155","1027","Indexable",""
"https://e-hermer.pl/realizacje/","1","Strony internetowe, Sklepy internetowe, dopasowane do Twoich potrzeb. Sprawdź wszystkie nasze wyjątkowe Realizacje!","115","751","Indexable",""
"https://e-hermer.pl/oferta/strony-www/","1","Nowoczesne Strony Internetowe to nasza Specjalność. Dzięki 11-letniemu doświadczeniu wiemy jak stworzyć Skuteczną Stronę WWW i ściągnąć na nią Klientów. Sprawdź","160","1051","Indexable",""
"https://e-hermer.pl/dla-kogo/","1","Wykorzystaj nieograniczony zasięg internetu, z którego codziennie korzystają niezliczone ilości osób i pokaż swoje usługi za pomocą efektywnej strony","149","928","Indexable",""
"https://e-hermer.pl/Realizacje/","1","Strony internetowe, Sklepy internetowe, dopasowane do Twoich potrzeb. Sprawdź wszystkie nasze wyjątkowe Realizacje!","115","751","Non-Indexable","Canonicalised"
"https://e-hermer.pl/najlepszy-pakiet/","1","Naszą strategię marketingową zastosowaliśmy w ramach współpracy z firmą produkującą przyczepy na terenie Polski oraz Niemiec. Cele, jakie udało nam się","151","973","Indexable",""
"https://e-hermer.pl/content-marketing-dlaczego-warto-zadbac-o-dobre-tresci/","1","Content marketing, czyli marketing treści jest niezbędnym narzędziem dla firm, które chcą budować relacje z docelowymi odbiorcami. Nie tylko pomaga szerzyć","155","980","Indexable",""
"https://e-hermer.pl/opinie/","1","Sprawdź opinie o tworzonych przez nasz sklepach i stronach www. Zaufaj profesjonalistom.","88","571","Indexable",""
"https://e-hermer.pl/kontakt/","1","Wspólnie określamy cele biznesowe projektu oraz dobieramy najlepsze rozwiązania. ","81","520","Indexable",""
"https://e-hermer.pl/tworzenie-stron-www-wrzesnia/","1","Strony internetowe Września to usługa skierowana do mieszkańców Wrześni. Sprawdź naszą ofertę i Zadzwoń!","104","688","Indexable",""
"https://e-hermer.pl/strony-internetowe-trzcianka/","1","Strony internetowe Trzcianka to usługa stworzona specjalnie z myślą o mieszkańcach Trzcianki. Sprawdź i Zadzwoń!","112","723","Indexable",""
"https://e-hermer.pl/projektowanie-stron-gorzow/","1","Strony internetowe Gorzów to oferta skierowana specjalnie do mieszkańców Gorzowa Wielkopolskiego. Sprawdź i Zadzwoń!","116","768","Indexable",""
"https://e-hermer.pl/strony-internetowe-miastko/","1","Strony internetowe Miastko to oferta stworzona specjalnie dla mieszkańców Miastka. Sprawdź naszą ofertę i Zadzwoń!","114","739","Indexable",""
"https://e-hermer.pl/strony-internetowe-koszalin/","1","Strony internetowe Koszalin to usługa skierowana do mieszkańców Koszalina. Sprawdź naszą ofertę i Zadzwoń!","106","696","Indexable",""
"https://e-hermer.pl/strony-internetowe-grudziadz/","1","Strony internetowe Grudziądz to usługa stworzona specjalnie dla mieszkańców Grudziądza. Sprawdź naszą ofertę i Zadzwoń!","119","780","Indexable",""
"https://e-hermer.pl/tworzenie-stron-www-konin/","1","Strony internetowe Konin to oferta skierowana do mieszkańców Konina. Sprawdź naszą ofertę i Zadzwoń!","100","657","Indexable",""
"https://e-hermer.pl/projektowanie-stron-torun/","1","Strony internetowe Toruń to specjalna oferta skierowana do mieszkańców Torunia. Sprawdź naszą ofertę i Zadzwoń!","111","724","Indexable",""
"https://e-hermer.pl/strony-internetowe-chojnice/","1","Strony internetowe Chojnice to oferta stworzą z myślą o mieszkańcach Chojnic. Sprawdź naszą ofertę i Zadzwoń!","109","701","Indexable",""
"https://e-hermer.pl/strony-internetowe-zielona-gora/","1","Strony internetowe Zielona Góra to usługa skierowana do mieszkańców Zielonej Góry. Sprawdź naszą ofertę i Zadzwoń!","114","741","Indexable",""
"https://e-hermer.pl/strony-www-choszczno/","1","Strony www Choszczno to usługa stworzona specjalnie dla mieszkańców Choszczna. Sprawdź naszą ofertę i Zadzwoń!","110","741","Indexable",""
"https://e-hermer.pl/tworzenie-stron-www-stargard/","1","Strony internetowe Stargard to usługa skierowana do mieszkańców Stargardu. Sprawdź nasza ofertę i Zadzwoń!","106","700","Indexable",""
"https://e-hermer.pl/tworzenie-stron-www-pila/","1","Strony Internetowe Piła to usługa skierowana specjalnie do mieszkańców Piły. Przygotujemy stronę idealnie dopasowaną do Twoich potrzeb.","135","873","Indexable",""
"https://e-hermer.pl/tworzenie-stron-www-bydgoszcz/","1","Projektowanie stron Bydgoszcz to jedna z naszych usług stworzona z myślą o mieszkańcach Bydgoszczy. Sprawdź nasze realizacje i Zadzwoń!","135","887","Indexable",""
"https://e-hermer.pl/strony-internetowe-gniezno/","1","Strony internetowe Gniezno to jedna z naszych usług stworzonych z myślą o mieszkańcach Gniezna. Stworzymy stronę dopasowaną do Twoich potrzeb","141","942","Indexable",""
"https://e-hermer.pl/tworzenie-stron-www-szczecinek/","1","Strony internetowe Szczecinek to usługa skierowana specjalnie do mieszkańców Szczecinka. Sprawdź naszą ofertę i Zadzwoń!","120","783","Indexable",""
"https://e-hermer.pl/tworzenie-stron-www-walcz/","1","Tworzenie stron internetowych Wałcz to usługa skierowana specjalnie do mieszkańców Piły. Przygotujemy stronę idealnie dopasowaną do Twoich potrzeb.","147","960","Indexable",""
"https://e-hermer.pl/tworzenie-stron-www-zlotow/","1","Strony internetowe Złotów to usługa skierowana specjalnie do mieszkańców Piły. Przygotujemy stronę idealnie dopasowaną do Twoich potrzeb.","137","892","Indexable",""
"https://e-hermer.pl/jak-wyglada-zakladanie-sklepu-internetowego/","1","Posiadasz produkt, na którym chcesz zacząć zarabiać lub marzy ci się rozpoczęcie własnej działalności w sieci, ale czy założyłeś już sklep internetowy?","151","932","Indexable",""
"https://e-hermer.pl/strony-internetowe-dla-developerow/","1","Strony internetowe dla Deweloperów to jedna z naszych specjalizacji. Przygotujemy stronę www idealnie dopasowaną do Twojej branży. Sprawdź!","139","903","Indexable",""
"https://e-hermer.pl/strony-internetowe-dla-fotografa/","1","Strony internetowe dla Fotografów to jedna z naszych specjalizacji. Przygotujemy stronę www idealnie dopasowaną do Twojej branży. Sprawdź!","138","893","Indexable",""
"https://e-hermer.pl/strony-internetowe-dla-prawnikow/","1","Strony internetowe dla Prawników to jedna z naszych specjalizacji. Przygotujemy stronę www idealnie dopasowaną do Twojej branży. Sprawdź!","137","889","Indexable",""
"https://e-hermer.pl/jak-tworzyc-opisy-produktow-w-sklepie-internetowym/","1","Klient odwiedzający sklep internetowy oczekuje, że łatwo znajdzie w nim potrzebne produkty, dlatego tak ważne jest zadbanie o jego profesjonalną budowę, w tym","158","1001","Indexable",""
"https://e-hermer.pl/czym-jest-copywriting/","1","Chcesz wiedzieć, czym jest copywriting i dlaczego jest tak ważny dla rozwoju przedsiębiorstwa? Sprawdź nasz krótki przewodnik po copywritingu i dowiedz się,","156","981","Indexable",""
"https://e-hermer.pl/strony-internetowe-dla-restauracji/","1","Strony internetowe dla Restauracji to jedna z naszych specjalizacji. Przygotujemy stronę www idealnie dopasowaną do Twojej branży. Sprawdź!","139","889","Indexable",""
"https://e-hermer.pl/strony-internetowe-dla-firm/","1","Strony internetowe dla Firm to jedna z naszych specjalizacji. Przygotujemy stronę www idealnie dopasowaną do Twojej branży. Sprawdź!","132","847","Indexable",""
