"Address","Occurrences","Title 1","Title 1 Length","Title 1 Pixel Width","Indexability","Indexability Status"
"https://e-hermer.pl/","1","Profesjonalne Strony internetowe - Projektowanie i Tworzenie - Hermer","69","634","Indexable",""
"https://e-hermer.pl/obszar-dzialania/","1","Obszar działania - Hermer","25","232","Indexable",""
"https://e-hermer.pl/szanse-jakie-daje-google-de/","1","Szanse jakie daje Google.de - Hermer","36","334","Indexable",""
"https://e-hermer.pl/oferta/marketing/","1","Marketing - Hermer","18","174","Indexable",""
"https://e-hermer.pl/pisanie-profesjonalnych-tekstow-seo/","1","Pisanie profesjonalnych tekstów SEO - Hermer","44","414","Indexable",""
"https://e-hermer.pl/oferta/zewnetrzny-dzial-marketingu/","1","Zewnętrzny dział marketingu dla Twojej firmy | Hermer","53","488","Indexable",""
"https://e-hermer.pl/blog/","1","Blog - Sprawdź co u nas nowego! - Hermer","40","375","Indexable",""
"https://e-hermer.pl/pozycjonowanie-za-efekt/","1","Pozycjonowanie za efekt – dlaczego warto? - Hermer","50","473","Indexable",""
"https://e-hermer.pl/remarketing-co-to-jest-i-jak-dziala-w-praktyce-przewodnik-dla-wlascicieli-stron-www/","1","Remarketing – co to jest i jak działa? Przewodnik dla firm","58","510","Indexable",""
"https://e-hermer.pl/white-space-w-projektowaniu-www-co-to-jest-i-dlaczego-warto-stosowac/","1","White space w projektowaniu www – co to jest i dlaczego warto stosować - Hermer","79","741","Indexable",""
"https://e-hermer.pl/oferta/sklepy-internetowe/","1","Tworzenie Sklepów Internetowych - Profesjonalne Sklepy internetowe HERMER","73","701","Indexable",""
"https://e-hermer.pl/e-commerce-w-praktyce-dlaczego-warto-postawic-na-handel-elektroniczny/","1","E-commerce w praktyce. Dlaczego warto postawić na handel elektroniczny? - Hermer","80","755","Indexable",""
"https://e-hermer.pl/digital-marketing-a-strona-www-jak-skutecznie-promowac-witryne-w-sieci/","1","Digital marketing a strona www — jak skutecznie promować witrynę w sieci? - Hermer","82","762","Indexable",""
"https://e-hermer.pl/sztuczna-inteligencja-rewolucja-ktora-dzieje-sie-tu-i-teraz/","1","Sztuczna inteligencja – rewolucja, która dzieje się tu i teraz - Hermer","71","611","Indexable",""
"https://e-hermer.pl/o-firmie/","1","O nas - Poznaj nas lepiej! Hermer","33","296","Indexable",""
"https://e-hermer.pl/strony-internetowe-cms-najpopularniejsze-systemy-zarzadzania-trescia/","1","Strony internetowe CMS - najpopularniejsze systemy zarządzania treścią - Hermer","79","731","Indexable",""
"https://e-hermer.pl/prowadzisz-e-sklep-sprawdz-dlaczego-potrzebujesz-regulaminu/","1","Prowadzisz e-sklep? Sprawdź dlaczego potrzebujesz regulaminu. - Hermer","70","663","Indexable",""
"https://e-hermer.pl/oferta/wordpress-shield/","1","WordPress Shield - Hermer","25","242","Indexable",""
"https://e-hermer.pl/realizacje/","1","Profesjonalne Strony www Portfolio - Strony www Realizacje - Hermer","67","621","Indexable",""
"https://e-hermer.pl/oferta/strony-www/","1","Nowoczesne Strony Internetowe - Strony WWW Hermer","49","493","Indexable",""
"https://e-hermer.pl/dla-kogo/","1","Dla kogo - Hermer","17","161","Indexable",""
"https://e-hermer.pl/Realizacje/","1","Profesjonalne Strony www Portfolio - Strony www Realizacje - Hermer","67","621","Non-Indexable","Canonicalised"
"https://e-hermer.pl/najlepszy-pakiet/","1","Najlepszy pakiet - Hermer","25","230","Indexable",""
"https://e-hermer.pl/content-marketing-dlaczego-warto-zadbac-o-dobre-tresci/","1","Content marketing — dlaczego warto zadbać o dobre treści? - Hermer","66","618","Indexable",""
"https://e-hermer.pl/opinie/","1","Strony internetowe Opinie - Opinie Hermer","41","377","Indexable",""
"https://e-hermer.pl/kontakt/","1","Kontakt - Hermer","16","154","Indexable",""
"https://e-hermer.pl/tworzenie-stron-www-wrzesnia/","1","Strony internetowe Września - Projektowanie stron Hermer","56","525","Indexable",""
"https://e-hermer.pl/strony-internetowe-trzcianka/","1","Strony internetowe Trzcianka - Hermer","37","345","Indexable",""
"https://e-hermer.pl/projektowanie-stron-gorzow/","1","Strony internetowe Gorzów - Tworzenie stron Gorzów - Hermer","59","559","Indexable",""
"https://e-hermer.pl/strony-internetowe-miastko/","1","Strony internetowe Miastko - www Miastko","40","382","Indexable",""
"https://e-hermer.pl/strony-internetowe-koszalin/","1","Strony internetowe Koszalin - Strony www Koszalin","49","454","Indexable",""
"https://e-hermer.pl/strony-internetowe-grudziadz/","1","Strony internetowe Grudziądz - Strony www Grudziądz","51","482","Indexable",""
"https://e-hermer.pl/tworzenie-stron-www-konin/","1","Strony internetowe Konin - Tworzenie stron Konin","48","441","Indexable",""
"https://e-hermer.pl/projektowanie-stron-torun/","1","Strony internetowe Toruń - Tworzenie stron Toruń - Hermer","57","527","Indexable",""
"https://e-hermer.pl/strony-internetowe-chojnice/","1","Strony internetowe Chojnice - Strony WWW Chojnice","49","465","Indexable",""
"https://e-hermer.pl/strony-internetowe-zielona-gora/","1","Strony internetowe Zielona Góra - Tworzenie stron Hermer","56","521","Indexable",""
"https://e-hermer.pl/strony-www-choszczno/","1","Strony www Choszczno - WWW Choszczno","36","381","Indexable",""
"https://e-hermer.pl/tworzenie-stron-www-stargard/","1","Strony internetowe Stargard - Strony www Stargard - Hermer","58","540","Indexable",""
"https://e-hermer.pl/tworzenie-stron-www-pila/","1","Strony internetowe Piła - Tworzenie stron www Piła","50","457","Indexable",""
"https://e-hermer.pl/tworzenie-stron-www-bydgoszcz/","1","Projektowanie stron Bydgoszcz - Tworzenie stron Bydgoszcz","57","537","Indexable",""
"https://e-hermer.pl/strony-internetowe-gniezno/","1","Strony internetowe Gniezno - Tworzenie stron Gniezno","52","485","Indexable",""
"https://e-hermer.pl/tworzenie-stron-www-szczecinek/","1","Strony internetowe Szczecinek - tworzenie www Szczecinek","56","533","Indexable",""
"https://e-hermer.pl/tworzenie-stron-www-walcz/","1","Tworzenie stron internetowych Wałcz - Strony www Wałcz","54","516","Indexable",""
"https://e-hermer.pl/tworzenie-stron-www-zlotow/","1","Tworzenie stron www Złotów - Strony www Złotów","46","449","Indexable",""
"https://e-hermer.pl/jak-wyglada-zakladanie-sklepu-internetowego/","1","Jak wygląda zakładanie sklepu internetowego? - Hermer","53","501","Indexable",""
"https://e-hermer.pl/strony-internetowe-dla-developerow/","1","Strony internetowe dla deweloperów - WWW dla Dewelopera","55","538","Indexable",""
"https://e-hermer.pl/strony-internetowe-dla-fotografa/","1","Strona internetowa dla Fotografa - Strona dla Fotografa","55","494","Indexable",""
"https://e-hermer.pl/strony-internetowe-dla-prawnikow/","1","Strony internetowe dla Prawników - Strona www dla Prawnika","58","549","Indexable",""
"https://e-hermer.pl/jak-tworzyc-opisy-produktow-w-sklepie-internetowym/","1","Jak tworzyć opisy produktów w sklepie internetowym? - Hermer","60","565","Indexable",""
"https://e-hermer.pl/czym-jest-copywriting/","1","Czym jest copywriting? - Hermer","31","288","Indexable",""
"https://e-hermer.pl/strony-internetowe-dla-restauracji/","1","Strona dla restauracji - Strona internetowa dla Restauracji","59","515","Indexable",""
"https://e-hermer.pl/strony-internetowe-dla-firm/","1","Strony internetowe dla Firm - Tworzenie stron www dla Firm","58","535","Indexable",""
